b4c8486a-9b3e-11ee-b494-d03745bcc89b.jpg,['5723']
b5d6cc80-9b3e-11ee-8f12-d03745bcc89b.jpg,[]
b6e6ec95-9b3e-11ee-9310-d03745bcc89b.jpg,['L 574CE']
b7fac917-9b3e-11ee-91f9-d03745bcc89b.jpg,[]
b900ac33-9b3e-11ee-a896-d03745bcc89b.jpg,[]
ba02981d-9b3e-11ee-9198-d03745bcc89b.jpg,[]
c95cb09d-9b3e-11ee-8286-d03745bcc89b.jpg,[]
ca6a5834-9b3e-11ee-ba6e-d03745bcc89b.jpg,[]
cb8e6d22-9b3e-11ee-9b40-d03745bcc89b.jpg,[]
e70ce5da-9b3e-11ee-8523-d03745bcc89b.jpg,['FEL 574CE)']
e800ff38-9b3e-11ee-b877-d03745bcc89b.jpg,['PP 27789']
e90e3ea1-9b3e-11ee-b163-d03745bcc89b.jpg,['EL 574CE}']
ea1a0bef-9b3e-11ee-bd7d-d03745bcc89b.jpg,[]
eb272a51-9b3e-11ee-a05e-d03745bcc89b.jpg,['EL 574CE)']
ec2b23c3-9b3e-11ee-b4b3-d03745bcc89b.jpg,"[""AEL '7A6""]"
ed30d681-9b3e-11ee-84fa-d03745bcc89b.jpg,['EL 574CE]']
ee3888b7-9b3e-11ee-9f18-d03745bcc89b.jpg,['EL 574CE]']
ef40b7aa-9b3e-11ee-8dad-d03745bcc89b.jpg,[]
f0489489-9b3e-11ee-8e6d-d03745bcc89b.jpg,['EL 574CE]']
b4dc1304-9b8d-11ee-9f3f-d03745bcc89b.jpg,[]
b5f10bb8-9b8d-11ee-9651-d03745bcc89b.jpg,['GPU 7 J7q']
b709ddf6-9b8d-11ee-aea1-d03745bcc89b.jpg,['GPU 7J7&']
812d35e4-a3f3-11ee-86c8-d03745bcc89b.jpg,['66768']
82680d70-a3f3-11ee-8500-d03745bcc89b.jpg,['6668']
83a0ff6f-a3f3-11ee-a2a3-d03745bcc89b.jpg,['668I3']
84b499c5-a3f3-11ee-90a7-d03745bcc89b.jpg,['6668']
85d08cc2-a3f3-11ee-a027-d03745bcc89b.jpg,['6668']
8740d4e1-a3f3-11ee-9ca8-d03745bcc89b.jpg,['6118']
88714100-a3f3-11ee-bd50-d03745bcc89b.jpg,[]
95edea00-a3f3-11ee-b553-d03745bcc89b.jpg,['DORADCA']
96ff02d2-a3f3-11ee-b9b4-d03745bcc89b.jpg,['7A']
9a13b206-a3f3-11ee-84be-d03745bcc89b.jpg,['DORXDCA']
9b168d7e-a3f3-11ee-bda0-d03745bcc89b.jpg,['DORADCA']
9c1477a1-a3f3-11ee-93dd-d03745bcc89b.jpg,['DORADCAT']
9d17555d-a3f3-11ee-adb7-d03745bcc89b.jpg,[]
9e19ff7d-a3f3-11ee-aa04-d03745bcc89b.jpg,['DORADCA']
9f1a60c0-a3f3-11ee-a8a4-d03745bcc89b.jpg,['DORADCA']
a0ea908f-a3f3-11ee-993f-d03745bcc89b.jpg,['DORADCA']
a1e84cb8-a3f3-11ee-8185-d03745bcc89b.jpg,['DORADCA']
a2eac1c4-a3f3-11ee-a8b4-d03745bcc89b.jpg,['DORADCA']
a3eb62f0-a3f3-11ee-b0b7-d03745bcc89b.jpg,['DORADCA']
e062cccb-a3f3-11ee-9234-d03745bcc89b.jpg,['6OHN']
e198a875-a3f3-11ee-a7a3-d03745bcc89b.jpg,['PU60HN']
e2bf2c58-a3f3-11ee-9ca2-d03745bcc89b.jpg,['LPU6OHN']
e3d585ac-a3f3-11ee-b0ed-d03745bcc89b.jpg,['LPU60HN']
e4ee8209-a3f3-11ee-9654-d03745bcc89b.jpg,['LPU60HN']
e6097e40-a3f3-11ee-affc-d03745bcc89b.jpg,['LPU60HN']
e72e7149-a3f3-11ee-a367-d03745bcc89b.jpg,['LPU6OHN']
e853712c-a3f3-11ee-b82f-d03745bcc89b.jpg,['LPU6OHN']
12684125-a3f4-11ee-99df-d03745bcc89b.jpg,['UGOHN']
1385c190-a3f4-11ee-9a52-d03745bcc89b.jpg,['LPUBOHN']
14a0c075-a3f4-11ee-96e4-d03745bcc89b.jpg,['LPU60HN']
15bc6710-a3f4-11ee-a375-d03745bcc89b.jpg,['LPU60HN']
16e10395-a3f4-11ee-b4eb-d03745bcc89b.jpg,['LPUS0HN']
180e243b-a3f4-11ee-a8b6-d03745bcc89b.jpg,[]
192d6415-a3f4-11ee-8b96-d03745bcc89b.jpg,['LPU6OHN']
1a54bce3-a3f4-11ee-ab91-d03745bcc89b.jpg,['LPU6OHN']
1b723eff-a3f4-11ee-97da-d03745bcc89b.jpg,['LPU6OHN']
1c9354c5-a3f4-11ee-9bab-d03745bcc89b.jpg,['LPUS0HN']
627ec4ce-a3f4-11ee-ae6e-d03745bcc89b.jpg,['PO8MH8O']
63b266d6-a3f4-11ee-9163-d03745bcc89b.jpg,['PO8MH8O']
65431fdf-a3f4-11ee-8726-d03745bcc89b.jpg,['PO8MH8O']
6660baac-a3f4-11ee-9dbb-d03745bcc89b.jpg,['PO8MH8O']
242fba23-a500-11ee-813f-d03745bcc89b.jpg,['CAO17U']
25400e00-a500-11ee-a7d8-d03745bcc89b.jpg,['GA09170']
263d8e26-a500-11ee-ac83-d03745bcc89b.jpg,['GA09170']
273725f9-a500-11ee-991a-d03745bcc89b.jpg,['GA0917']
28a3d20d-a500-11ee-990b-d03745bcc89b.jpg,['GA09170']
af38bcc5-a6f9-11ee-889b-d03745bcc89b.jpg,['PO8MHBO']
b05720fe-a6f9-11ee-8b65-d03745bcc89b.jpg,['PO8MH8O']
b254ccb0-a6f9-11ee-b237-d03745bcc89b.jpg,['PO8MH8O']
b4cdd671-a6f9-11ee-84aa-d03745bcc89b.jpg,['PO8MH8O']
e83a0b61-a6fa-11ee-84ff-d03745bcc89b.jpg,['8MH8O1']
8d2c73b4-a6fb-11ee-9c25-d03745bcc89b.jpg,['PO8MHBO']
2749965f-a6fc-11ee-a6f2-d03745bcc89b.jpg,['PO8MH8C']
4b153e2a-a6fc-11ee-b4aa-d03745bcc89b.jpg,['PO8MHBO']
4ce9cd79-a6fc-11ee-84a8-d03745bcc89b.jpg,['PO8MH8O']
e12b5108-a6fd-11ee-8924-d03745bcc89b.jpg,['PO8MH8O']
39a23e86-a721-11ee-acc4-d03745bcc89b.jpg,['PO8MH8O']
5c1593d8-a721-11ee-ae43-d03745bcc89b.jpg,['PO8MH8O']
ad0d8810-a721-11ee-b739-d03745bcc89b.jpg,['PO8MHG']
b0f5debb-a721-11ee-85a5-d03745bcc89b.jpg,['PO8MH8O']
92853274-a9a8-11ee-bba8-d03745bcc89b.jpg,['BAV231']
3a7631d4-a9a9-11ee-9d2f-d03745bcc89b.jpg,['BAD27']
b5341210-a9a9-11ee-a6fc-d03745bcc89b.jpg,['32702153']
eae9b3d2-a9a9-11ee-a65a-d03745bcc89b.jpg,['327P2I52']
3db1a43e-a9aa-11ee-8774-d03745bcc89b.jpg,['3272153']
af1924ba-a9aa-11ee-aea9-d03745bcc89b.jpg,[]
d11f0375-a9aa-11ee-9623-d03745bcc89b.jpg,[]
d9488b10-a9aa-11ee-9d47-d03745bcc89b.jpg,[]
ef57786c-a9aa-11ee-acf4-d03745bcc89b.jpg,['08MH8O']
f415d4f2-a9aa-11ee-b084-d03745bcc89b.jpg,['1H8O']
f563cf4a-a9aa-11ee-8086-d03745bcc89b.jpg,['PO8MH8O']
f77c90ce-a9aa-11ee-befe-d03745bcc89b.jpg,['PO8MH8O']
63981c10-a9ab-11ee-9dbf-d03745bcc89b.jpg,['PO8MH8O']
64cdee2e-a9ab-11ee-8c27-d03745bcc89b.jpg,['PO8MH8']
be5db46f-a9ab-11ee-9dea-d03745bcc89b.jpg,['PO8MH8O']
158ecd56-a9ac-11ee-894f-d03745bcc89b.jpg,['PO8MH8O']
d204283b-a9ac-11ee-8e4e-d03745bcc89b.jpg,['PP97786']
dfcc85be-a9ac-11ee-a31f-d03745bcc89b.jpg,[]
e0d40d5b-a9ac-11ee-9925-d03745bcc89b.jpg,['RC49']
e1dd922c-a9ac-11ee-816e-d03745bcc89b.jpg,[]
e2dfb4d2-a9ac-11ee-b3ad-d03745bcc89b.jpg,[]
e450620a-a9ac-11ee-af81-d03745bcc89b.jpg,[]
e557eb27-a9ac-11ee-920b-d03745bcc89b.jpg,['PP97786']
e65947b2-a9ac-11ee-8d61-d03745bcc89b.jpg,[]
e8602eca-a9ac-11ee-bfa7-d03745bcc89b.jpg,[]
ea2c689e-a9ac-11ee-a0d9-d03745bcc89b.jpg,[]
eb2b5f6d-a9ac-11ee-9821-d03745bcc89b.jpg,['PP97786']
ec36f2a5-a9ac-11ee-b3ab-d03745bcc89b.jpg,['PP97786']
ed45f731-a9ac-11ee-8889-d03745bcc89b.jpg,[]
ee5918ad-a9ac-11ee-8cf1-d03745bcc89b.jpg,[]
ef7e9ad5-a9ac-11ee-911c-d03745bcc89b.jpg,[]
f0895b7f-a9ac-11ee-bf05-d03745bcc89b.jpg,[]
b41b82bf-aa73-11ee-a126-d03745bcc89b.jpg,['PO8MHBO']
bbb090e1-aa73-11ee-951e-d03745bcc89b.jpg,['PO8MHBO']
bcd12cf2-aa73-11ee-b18c-d03745bcc89b.jpg,['PO8MH8O']
2df432b8-aa79-11ee-95d2-d03745bcc89b.jpg,['PO8MH8O']
9c1b110b-aa79-11ee-90dd-d03745bcc89b.jpg,['PO8MH8O']
a2c1ac50-aa79-11ee-855e-d03745bcc89b.jpg,['PO8MH8O']
f9258b17-aa79-11ee-982b-d03745bcc89b.jpg,['PO8MH8O']
3f55214e-aa7a-11ee-9c11-d03745bcc89b.jpg,['PO8MH8O']
50fc6332-aa7a-11ee-90e9-d03745bcc89b.jpg,['PO8MH8O']
669e5138-aa7a-11ee-8ef5-d03745bcc89b.jpg,['PO8MH8O']
bd16f90d-bdf4-11ee-8448-d03745bcc89b.jpg,['1C78N89']
fee8a47f-bdf4-11ee-9c8a-d03745bcc89b.jpg,['1C78N89']
a0cfd8a9-bdfb-11ee-9fb9-d03745bcc89b.jpg,['1C78N89']
8a7657c6-bdfc-11ee-97be-d03745bcc89b.jpg,['1CT8NRO']
c2f83b27-bdfc-11ee-8b4f-d03745bcc89b.jpg,['1C78N89']
6929925b-bdfd-11ee-853b-d03745bcc89b.jpg,['1C78N89']
a414d542-bdfd-11ee-8bcf-d03745bcc89b.jpg,['IC78N89']
b33d69a9-bdfd-11ee-a9e1-d03745bcc89b.jpg,[]
b7006beb-bdfd-11ee-b626-d03745bcc89b.jpg,['1C78N89']
fe19aa3d-bdfd-11ee-8f68-d03745bcc89b.jpg,[]
032c1bbc-bdfe-11ee-b692-d03745bcc89b.jpg,['1C78N89']
3a3cd496-d95d-11ee-913c-d8bbc190245c.jpg,[]
3b655164-d95d-11ee-a1fc-d8bbc190245c.jpg,[]
ad08f7a0-dcc5-11ee-8cc6-d8bbc190245c.jpg,[]
20d7e7ca-dcc6-11ee-b84a-d8bbc190245c.jpg,['1C78N89']
22446b22-dcc6-11ee-a6ec-d8bbc190245c.jpg,['1C78N89']
809c69f5-dcc6-11ee-92ee-d8bbc190245c.jpg,['1C78N89']
88498bdf-dcc6-11ee-a3a2-d8bbc190245c.jpg,[]
8c03909c-dcc6-11ee-9eb6-d8bbc190245c.jpg,['1C78N89']
8d333422-dcc6-11ee-a0fc-d8bbc190245c.jpg,[]
bb5d67f8-dcc6-11ee-b9f1-d8bbc190245c.jpg,['1C78N89']
bc945ead-dcc6-11ee-b21f-d8bbc190245c.jpg,['1C78N89']
3cc89c5e-dcc7-11ee-a33c-d8bbc190245c.jpg,[]
409dcb65-dcc7-11ee-83e3-d8bbc190245c.jpg,['1C78N89']
d09a8fea-dcc7-11ee-ba43-d8bbc190245c.jpg,[]
d7339f7a-dcc7-11ee-b98d-d8bbc190245c.jpg,[]
db408f59-dcc7-11ee-9c89-d8bbc190245c.jpg,['1C78N89']
dc7ba5dc-dcc7-11ee-918c-d8bbc190245c.jpg,['1C78N89']
3cfdbccd-dcc8-11ee-9c37-d8bbc190245c.jpg,[]
3e28abbd-dcc8-11ee-9ed8-d8bbc190245c.jpg,[]
3f505995-dcc8-11ee-bfc4-d8bbc190245c.jpg,['1C78N89']
407888f5-dcc8-11ee-8a93-d8bbc190245c.jpg,['1C78N89']
41a61c76-dcc8-11ee-b31a-d8bbc190245c.jpg,['IC78N89']
a8108999-dcc8-11ee-9558-d8bbc190245c.jpg,['1C78N89']
a94044f0-dcc8-11ee-a101-d8bbc190245c.jpg,['1C78N89']
1d657c2f-dccf-11ee-96d6-d8bbc190245c.jpg,['1C78NA9']
2a476f39-dccf-11ee-976c-d8bbc190245c.jpg,[]
2b823781-dccf-11ee-93bd-d8bbc190245c.jpg,[]
3f624e6b-dccf-11ee-9312-d8bbc190245c.jpg,[]
40940373-dccf-11ee-aedf-d8bbc190245c.jpg,['1C78N89']
41cb849d-dccf-11ee-81e5-d8bbc190245c.jpg,[]
6e5c6dfa-de36-11ee-997c-d8bbc190245c.jpg,['1C78N89']
6fb4b9d5-de36-11ee-a3ce-d8bbc190245c.jpg,['1C78N89']
da3b9e37-de37-11ee-ba58-d8bbc190245c.jpg,[]
5ea0c52b-de39-11ee-a070-d8bbc190245c.jpg,[]
619d2bbb-de39-11ee-b48e-d8bbc190245c.jpg,['1CT8N89']
62d3ed5a-de39-11ee-896e-d8bbc190245c.jpg,[]
6457f3da-de39-11ee-9141-d8bbc190245c.jpg,[]
65827244-de39-11ee-92c7-d8bbc190245c.jpg,[]
66b331cd-de39-11ee-8557-d8bbc190245c.jpg,[]
67da7bc0-de39-11ee-ad19-d8bbc190245c.jpg,[]
71bb0cc3-de39-11ee-9bb2-d8bbc190245c.jpg,['1C78N89']
8a808b4a-de3a-11ee-8d43-d8bbc190245c.jpg,['1C78N89']
378df6e8-de4b-11ee-965c-d8bbc190245c.jpg,[]
38be35ba-de4b-11ee-ac7f-d8bbc190245c.jpg,[]
39e08361-de4b-11ee-8974-d8bbc190245c.jpg,[]
3b01ffcc-de4b-11ee-a0d4-d8bbc190245c.jpg,[]
3c5c2b95-de4b-11ee-b5e4-d8bbc190245c.jpg,['1C78N89']
3e9c3287-de4b-11ee-a860-d8bbc190245c.jpg,['1C78N89']
40fe2322-de4b-11ee-b146-d8bbc190245c.jpg,[]
945e885a-de4b-11ee-bc4e-d8bbc190245c.jpg,['1C78N89']
96d99526-de4b-11ee-a7f0-d8bbc190245c.jpg,['1C78N89']
99b55060-de4b-11ee-9fec-d8bbc190245c.jpg,[]
bb9794c9-de4c-11ee-899e-d8bbc190245c.jpg,['1CZ8N89']
bcd56098-de4c-11ee-ac5c-d8bbc190245c.jpg,['1C78N89']
be0c37af-de4c-11ee-9a75-d8bbc190245c.jpg,['1C78N89']
bf325cfa-de4c-11ee-94b3-d8bbc190245c.jpg,['1C78N89']
994dec3c-ded1-11ee-bb6c-d8bbc190245c.jpg,['1CT8N89']
9be04c27-ded1-11ee-9926-d8bbc190245c.jpg,['1C78N89']
9cfdb3b7-ded1-11ee-b8ce-d8bbc190245c.jpg,['1C78N89']
7f9a72ce-ded3-11ee-83ab-d8bbc190245c.jpg,[]
80c54912-ded3-11ee-aa14-d8bbc190245c.jpg,[]
8324a85c-ded3-11ee-a517-d8bbc190245c.jpg,['1C78N89']
e5246d28-ded3-11ee-8b42-d8bbc190245c.jpg,['1C78N89']
e6629cf4-ded3-11ee-9978-d8bbc190245c.jpg,['1C78N89']
e7c8ddc6-ded3-11ee-9763-d8bbc190245c.jpg,[]
e9173211-ded3-11ee-92c0-d8bbc190245c.jpg,[]
ea7aaaad-ded3-11ee-a6d5-d8bbc190245c.jpg,[]
45ac2b08-ded4-11ee-a8fe-d8bbc190245c.jpg,[]
46d23c1b-ded4-11ee-ac95-d8bbc190245c.jpg,['1C78N89']
8bbe70dc-ded4-11ee-a41d-d8bbc190245c.jpg,[]
8e0c3635-ded4-11ee-8ce8-d8bbc190245c.jpg,['1C78N89']
21add6d6-e237-11ee-ba76-d8bbc190245c.jpg,[]
291534fa-e237-11ee-b4a7-d8bbc190245c.jpg,[]
2a5ae720-e237-11ee-b09e-d8bbc190245c.jpg,[]
2b8f25b8-e237-11ee-bcbe-d8bbc190245c.jpg,[]
2cce5d6f-e237-11ee-be7d-d8bbc190245c.jpg,[]
2dfaa893-e237-11ee-936f-d8bbc190245c.jpg,[]
2f25a1bc-e237-11ee-ae45-d8bbc190245c.jpg,[]
3053f1bb-e237-11ee-9ea9-d8bbc190245c.jpg,[]
31870254-e237-11ee-8e54-d8bbc190245c.jpg,[]
32b4cf4f-e237-11ee-8282-d8bbc190245c.jpg,[]
33d51521-e237-11ee-99b2-d8bbc190245c.jpg,[]
35077cbd-e237-11ee-94c6-d8bbc190245c.jpg,[]
363fb764-e237-11ee-9b24-d8bbc190245c.jpg,['1C78N89']
a726b0b3-e237-11ee-9c3d-d8bbc190245c.jpg,['1C78N89']
92360e7d-e29a-11ee-a29d-d8bbc190245c.jpg,[]
93fb0cf7-e29a-11ee-83d6-d8bbc190245c.jpg,[]
9528dc61-e29a-11ee-83bc-d8bbc190245c.jpg,[]
9655e54d-e29a-11ee-9fbd-d8bbc190245c.jpg,[]
9782eac5-e29a-11ee-8d67-d8bbc190245c.jpg,[]
98ade237-e29a-11ee-9468-d8bbc190245c.jpg,[]
99da5c04-e29a-11ee-abc2-d8bbc190245c.jpg,[]
9afa330f-e29a-11ee-a3c1-d8bbc190245c.jpg,[]
9c1e91cd-e29a-11ee-a545-d8bbc190245c.jpg,[]
9d4d1891-e29a-11ee-aab0-d8bbc190245c.jpg,[]
9e7be435-e29a-11ee-852a-d8bbc190245c.jpg,[]
a62c3521-e29a-11ee-8823-d8bbc190245c.jpg,[]
a754858b-e29a-11ee-a076-d8bbc190245c.jpg,[]
a8723521-e29a-11ee-a2bd-d8bbc190245c.jpg,[]
a9a0fcb8-e29a-11ee-9246-d8bbc190245c.jpg,[]
aac7b6e8-e29a-11ee-b806-d8bbc190245c.jpg,[]
abf21375-e29a-11ee-b893-d8bbc190245c.jpg,['1C78N89']
08fed4ce-e29b-11ee-8cd5-d8bbc190245c.jpg,[]
0b0bbf23-e29b-11ee-9bd9-d8bbc190245c.jpg,[]
0c2ec69b-e29b-11ee-99c7-d8bbc190245c.jpg,[]
0d50e778-e29b-11ee-b274-d8bbc190245c.jpg,[]
0e8c0eb2-e29b-11ee-91e6-d8bbc190245c.jpg,[]
0fae458a-e29b-11ee-85e2-d8bbc190245c.jpg,[]
10e6bc96-e29b-11ee-af1a-d8bbc190245c.jpg,[]
1216eb12-e29b-11ee-9c3e-d8bbc190245c.jpg,[]
133e6d7f-e29b-11ee-a9a1-d8bbc190245c.jpg,[]
1468ecbd-e29b-11ee-b914-d8bbc190245c.jpg,[]
15928018-e29b-11ee-9819-d8bbc190245c.jpg,[]
16b3bb07-e29b-11ee-b75f-d8bbc190245c.jpg,[]
17d6477d-e29b-11ee-a1e3-d8bbc190245c.jpg,[]
18fce601-e29b-11ee-bab7-d8bbc190245c.jpg,[]
1a2f71a2-e29b-11ee-81fc-d8bbc190245c.jpg,[]
1e17af6d-e29b-11ee-a514-d8bbc190245c.jpg,[]
205a65ac-e29b-11ee-95f4-d8bbc190245c.jpg,['ICT8N89']
224e5026-e29b-11ee-a83b-d8bbc190245c.jpg,['LCT8NBO']
23722001-e29b-11ee-bce5-d8bbc190245c.jpg,[]
249305ff-e29b-11ee-9bfa-d8bbc190245c.jpg,[]
25b65f24-e29b-11ee-9c02-d8bbc190245c.jpg,[]
2730c605-e29b-11ee-a745-d8bbc190245c.jpg,[]
2851f5ed-e29b-11ee-8fcd-d8bbc190245c.jpg,[]
297226ca-e29b-11ee-b222-d8bbc190245c.jpg,[]
2a8a7c84-e29b-11ee-a896-d8bbc190245c.jpg,[]
2cf0a543-e29b-11ee-a782-d8bbc190245c.jpg,[]
2e1e4fd6-e29b-11ee-9294-d8bbc190245c.jpg,[]
2fa3b30d-e29b-11ee-b574-d8bbc190245c.jpg,['1CT8N89']
3136df07-e29b-11ee-a8c7-d8bbc190245c.jpg,['1C78N89']
48619131-e29b-11ee-83b2-d8bbc190245c.jpg,[]
49dfa82f-e29b-11ee-9d4c-d8bbc190245c.jpg,[]
4b00e41e-e29b-11ee-8e7c-d8bbc190245c.jpg,[]
4c0e7348-e29b-11ee-b652-d8bbc190245c.jpg,[]
4d1e959b-e29b-11ee-861c-d8bbc190245c.jpg,[]
4e2cacd1-e29b-11ee-9ec3-d8bbc190245c.jpg,[]
4f5095aa-e29b-11ee-a241-d8bbc190245c.jpg,[]
50fa729f-e29b-11ee-a272-d8bbc190245c.jpg,[]
520c4e12-e29b-11ee-a82d-d8bbc190245c.jpg,[]
532e8798-e29b-11ee-8eb7-d8bbc190245c.jpg,[]
54538520-e29b-11ee-afae-d8bbc190245c.jpg,[]
557e5ff1-e29b-11ee-81aa-d8bbc190245c.jpg,[]
56af8e55-e29b-11ee-a781-d8bbc190245c.jpg,[]
57d170f0-e29b-11ee-9e63-d8bbc190245c.jpg,[]
58eef59f-e29b-11ee-b71c-d8bbc190245c.jpg,[]
5a088ff4-e29b-11ee-9932-d8bbc190245c.jpg,[]
5b27e556-e29b-11ee-af73-d8bbc190245c.jpg,[]
5c4538a3-e29b-11ee-bdef-d8bbc190245c.jpg,[]
5de21b31-e29b-11ee-bab7-d8bbc190245c.jpg,[]
5f0299df-e29b-11ee-a56f-d8bbc190245c.jpg,[]
602b3ddd-e29b-11ee-8695-d8bbc190245c.jpg,[]
61447aa6-e29b-11ee-a6ae-d8bbc190245c.jpg,[]
62bebfed-e29b-11ee-9515-d8bbc190245c.jpg,[]
6480e93d-e29b-11ee-b72a-d8bbc190245c.jpg,[]
66cc481a-e29b-11ee-aeeb-d8bbc190245c.jpg,[]
67ef03b6-e29b-11ee-9c0b-d8bbc190245c.jpg,[]
691cd71f-e29b-11ee-a988-d8bbc190245c.jpg,[]
6a4e0b77-e29b-11ee-9f1b-d8bbc190245c.jpg,[]
6c288e99-e29b-11ee-b256-d8bbc190245c.jpg,['1C78N89']
a728a676-e29c-11ee-8185-d8bbc190245c.jpg,[]
a836dc42-e29c-11ee-bac1-d8bbc190245c.jpg,[]
a94ae646-e29c-11ee-a537-d8bbc190245c.jpg,[]
aa5d8c76-e29c-11ee-9cdf-d8bbc190245c.jpg,[]
ab6e815d-e29c-11ee-8144-d8bbc190245c.jpg,[]
ac7bbfc3-e29c-11ee-aea2-d8bbc190245c.jpg,[]
ad8788c8-e29c-11ee-bb10-d8bbc190245c.jpg,[]
ae9cb1e6-e29c-11ee-9032-d8bbc190245c.jpg,[]
afb68cb6-e29c-11ee-8906-d8bbc190245c.jpg,[]
b0bded80-e29c-11ee-a4eb-d8bbc190245c.jpg,[]
b2803056-e29c-11ee-b09c-d8bbc190245c.jpg,[]
b3960246-e29c-11ee-ad1f-d8bbc190245c.jpg,[]
b4aed53f-e29c-11ee-ab0a-d8bbc190245c.jpg,['1C78N89']
9ca2ddec-e29f-11ee-8b47-d8bbc190245c.jpg,[]
9dbe2165-e29f-11ee-aa42-d8bbc190245c.jpg,[]
9ecb5fab-e29f-11ee-9e89-d8bbc190245c.jpg,['1C78N89']
c78e5aec-e29f-11ee-ae68-d8bbc190245c.jpg,[]
c8d4c20e-e29f-11ee-becb-d8bbc190245c.jpg,[]
c9f1e58f-e29f-11ee-8030-d8bbc190245c.jpg,[]
cb1884be-e29f-11ee-babe-d8bbc190245c.jpg,[]
cc2eeac4-e29f-11ee-9dbd-d8bbc190245c.jpg,[]
cd864124-e29f-11ee-89c5-d8bbc190245c.jpg,[]
d10be368-e29f-11ee-aa2f-d8bbc190245c.jpg,['1C78N89']
6620799f-e2a0-11ee-aba4-d8bbc190245c.jpg,[]
6ebf26c6-e2a0-11ee-b705-d8bbc190245c.jpg,[]
703ca0e6-e2a0-11ee-b1da-d8bbc190245c.jpg,[]
71abce7c-e2a0-11ee-883f-d8bbc190245c.jpg,[]
72c265f5-e2a0-11ee-9a8d-d8bbc190245c.jpg,[]
7403b330-e2a0-11ee-a841-d8bbc190245c.jpg,[]
75160afd-e2a0-11ee-ae62-d8bbc190245c.jpg,['1C78N89']
186de714-e2a2-11ee-b4fc-d8bbc190245c.jpg,['ANE6457']
19ab7647-e2a2-11ee-bc06-d8bbc190245c.jpg,[]
1ad87e9f-e2a2-11ee-95c7-d8bbc190245c.jpg,['AWE645T']
1c05683a-e2a2-11ee-8b33-d8bbc190245c.jpg,['AHE645T']
1d5ff2ee-e2a2-11ee-ae7b-d8bbc190245c.jpg,['ANE6457']
1ea51266-e2a2-11ee-b101-d8bbc190245c.jpg,['ANE6457']
1fe4316c-e2a2-11ee-b18d-d8bbc190245c.jpg,['ANE6457']
21cbacfd-e2a2-11ee-935c-d8bbc190245c.jpg,['AWE6457']
fab34708-e398-11ee-8b6d-d8bbc190245c.jpg,['AWE6457']
0a1d437d-e399-11ee-b7af-d8bbc190245c.jpg,['IWE6457']
0b86818d-e399-11ee-99f2-d8bbc190245c.jpg,['ANE6457']
0cf5bff6-e399-11ee-b299-d8bbc190245c.jpg,['IWE6457']
0e4a578a-e399-11ee-80e8-d8bbc190245c.jpg,['ANE645T']
0fdd9312-e399-11ee-814f-d8bbc190245c.jpg,['INE6457']
11656793-e399-11ee-b8eb-d8bbc190245c.jpg,[]
12e5dc16-e399-11ee-9133-d8bbc190245c.jpg,[]
1437e1ce-e399-11ee-b8dd-d8bbc190245c.jpg,['ANE6457']
1590baa1-e399-11ee-9042-d8bbc190245c.jpg,['ANE6457']
16df5510-e399-11ee-bbcc-d8bbc190245c.jpg,['ANE6457']
182cbe51-e399-11ee-bb95-d8bbc190245c.jpg,['ANE6457']
19794f1a-e399-11ee-99d4-d8bbc190245c.jpg,['ANE6457']
1abd73ea-e399-11ee-b68e-d8bbc190245c.jpg,['ANE6457']
1c0c6f04-e399-11ee-ace1-d8bbc190245c.jpg,['AWE6457']
8c20ed37-e399-11ee-a8dd-d8bbc190245c.jpg,[]
8d934863-e399-11ee-bc84-d8bbc190245c.jpg,[]
8ef8e807-e399-11ee-b2ed-d8bbc190245c.jpg,[]
90532b32-e399-11ee-bf68-d8bbc190245c.jpg,[]
91c99412-e399-11ee-b020-d8bbc190245c.jpg,[]
934d412b-e399-11ee-aea6-d8bbc190245c.jpg,[]
9a413439-e399-11ee-b7bb-d8bbc190245c.jpg,[]
9b9024a9-e399-11ee-8753-d8bbc190245c.jpg,[]
9cd91a95-e399-11ee-8b29-d8bbc190245c.jpg,['ANE6457']
9e302a8e-e399-11ee-892d-d8bbc190245c.jpg,[]
9f87e5df-e399-11ee-8dfc-d8bbc190245c.jpg,[]
a0c2cd39-e399-11ee-8f31-d8bbc190245c.jpg,['AHE6457']
a201e64a-e399-11ee-8fa6-d8bbc190245c.jpg,['AHE6457']
a3460cf0-e399-11ee-aa80-d8bbc190245c.jpg,['AWE6457']
bf3e7034-e3c7-11ee-b5ce-d8bbc190245c.jpg,['ANE6A57']
cfd89e5f-e3c7-11ee-a44d-d8bbc190245c.jpg,[]
d11b4498-e3c7-11ee-af0f-d8bbc190245c.jpg,[]
d24f343b-e3c7-11ee-bb5a-d8bbc190245c.jpg,[]
d3849185-e3c7-11ee-9945-d8bbc190245c.jpg,[]
d4bc120f-e3c7-11ee-8e55-d8bbc190245c.jpg,[]
d5f5bd98-e3c7-11ee-87a6-d8bbc190245c.jpg,['ANE6457']
d73b3eb4-e3c7-11ee-b998-d8bbc190245c.jpg,['ANE6457']
d87af419-e3c7-11ee-bf01-d8bbc190245c.jpg,['ANE6457']
d9d67621-e3c7-11ee-a5eb-d8bbc190245c.jpg,[]
db0a2b6d-e3c7-11ee-b4b0-d8bbc190245c.jpg,['ANE6457']
dc578c88-e3c7-11ee-8974-d8bbc190245c.jpg,['ANE6457']
de2650ce-e3c7-11ee-af7d-d8bbc190245c.jpg,['ANE6457']
df8ffde9-e3c7-11ee-aef1-d8bbc190245c.jpg,['ANE6457']
e0e68cc0-e3c7-11ee-ad90-d8bbc190245c.jpg,['ANE6457']
e23bdbfc-e3c7-11ee-9386-d8bbc190245c.jpg,['ANE6457']
e39c5480-e3c7-11ee-9690-d8bbc190245c.jpg,['ANE6457']
e4fbea0f-e3c7-11ee-87e5-d8bbc190245c.jpg,['AHE6457']
e652e582-e3c7-11ee-923b-d8bbc190245c.jpg,['AWE6457']
d5b6db24-e3c9-11ee-a023-d8bbc190245c.jpg,['AWE6457']
43c087ef-e3cb-11ee-bcbc-d8bbc190245c.jpg,['ANE6457']
44fc5bef-e3cb-11ee-b3d0-d8bbc190245c.jpg,['ANE645Z']
463577a1-e3cb-11ee-bd0f-d8bbc190245c.jpg,['AWE6457']
51a3a42c-e3cb-11ee-a5a7-d8bbc190245c.jpg,[]
52eb7078-e3cb-11ee-bd4f-d8bbc190245c.jpg,['ANE645T']
5420962d-e3cb-11ee-add2-d8bbc190245c.jpg,['AHE6457']
5554fc34-e3cb-11ee-9b75-d8bbc190245c.jpg,['AWE6457']
75ebe453-e3cd-11ee-b8db-d8bbc190245c.jpg,['ANE6457']
774746f9-e3cd-11ee-a164-d8bbc190245c.jpg,['ANE6457']
789225b2-e3cd-11ee-977d-d8bbc190245c.jpg,[]
79e6283b-e3cd-11ee-9f3e-d8bbc190245c.jpg,['AWE6457']
735ca019-e464-11ee-982e-d8bbc190245c.jpg,['AWE645']
74a9954f-e464-11ee-9bce-d8bbc190245c.jpg,['ANE645']
75e13cab-e464-11ee-8586-d8bbc190245c.jpg,['ANE645']
77148276-e464-11ee-88f6-d8bbc190245c.jpg,['ANE645']
784c2a96-e464-11ee-b962-d8bbc190245c.jpg,['ANE64576']
7983206d-e464-11ee-9dcc-d8bbc190245c.jpg,['ANE6457']
7ab4eecc-e464-11ee-8608-d8bbc190245c.jpg,['ANE6457']
7be4d7e0-e464-11ee-8b8f-d8bbc190245c.jpg,['ANE6457L']
7d15d908-e464-11ee-a5dc-d8bbc190245c.jpg,['ANE6457L']
7e4ed1fe-e464-11ee-a289-d8bbc190245c.jpg,['AWE6457']
1dcf1752-e468-11ee-9208-d8bbc190245c.jpg,['AWE645']
21dc55f8-e468-11ee-bc77-d8bbc190245c.jpg,['AWE6457']
5c3cb27b-e49a-11ee-8738-d8bbc190245c.jpg,[]
5d67ae51-e49a-11ee-a083-d8bbc190245c.jpg,[]
5ea190f0-e49a-11ee-95b9-d8bbc190245c.jpg,[]
5fd5dc31-e49a-11ee-8dce-d8bbc190245c.jpg,[]
62a396b8-e49a-11ee-87d7-d8bbc190245c.jpg,[]
66335d79-e49a-11ee-9d80-d8bbc190245c.jpg,[]
675fc0f3-e49a-11ee-bd8e-d8bbc190245c.jpg,[]
68809488-e49a-11ee-a520-d8bbc190245c.jpg,[]
69a362b5-e49a-11ee-9db6-d8bbc190245c.jpg,[]
6ad513ef-e49a-11ee-853f-d8bbc190245c.jpg,[]
6bfbdfc7-e49a-11ee-a7e9-d8bbc190245c.jpg,[]
6d29b07f-e49a-11ee-9ba2-d8bbc190245c.jpg,[]
6e5d1345-e49a-11ee-bdee-d8bbc190245c.jpg,[]
71159580-e49a-11ee-a6c5-d8bbc190245c.jpg,[]
731c6f06-e49a-11ee-8f0f-d8bbc190245c.jpg,[]
7440afea-e49a-11ee-a704-d8bbc190245c.jpg,[]
78784ec9-e49a-11ee-8c2b-d8bbc190245c.jpg,[]
799a442a-e49a-11ee-ae9e-d8bbc190245c.jpg,[]
7ab72b36-e49a-11ee-a34b-d8bbc190245c.jpg,[]
7bc9c07f-e49a-11ee-a27b-d8bbc190245c.jpg,[]
7ce5bcf4-e49a-11ee-b571-d8bbc190245c.jpg,['1C78N89']
5589e378-e49b-11ee-ac59-d8bbc190245c.jpg,[]
56d8a8d6-e49b-11ee-9c39-d8bbc190245c.jpg,[]
581af90e-e49b-11ee-8e75-d8bbc190245c.jpg,[]
595a098d-e49b-11ee-8e48-d8bbc190245c.jpg,[]
5a9aa015-e49b-11ee-8568-d8bbc190245c.jpg,[]
5bd6b9fd-e49b-11ee-b6cf-d8bbc190245c.jpg,[]
5d24b24d-e49b-11ee-bd8a-d8bbc190245c.jpg,[]
5e65f799-e49b-11ee-9cb0-d8bbc190245c.jpg,[]
5f9dcc79-e49b-11ee-bf7f-d8bbc190245c.jpg,[]
60e4f27b-e49b-11ee-973d-d8bbc190245c.jpg,[]
622a1650-e49b-11ee-bbf0-d8bbc190245c.jpg,[]
636bd321-e49b-11ee-8e08-d8bbc190245c.jpg,[]
64a81ec7-e49b-11ee-a2fe-d8bbc190245c.jpg,[]
65e040f7-e49b-11ee-8d76-d8bbc190245c.jpg,[]
672adeaa-e49b-11ee-8d37-d8bbc190245c.jpg,['9JRI205']
d92efff1-e49b-11ee-8515-d8bbc190245c.jpg,['AZM9590']
dc8fb16b-e49b-11ee-8120-d8bbc190245c.jpg,['AZM9590']
ddc0a8a0-e49b-11ee-81e2-d8bbc190245c.jpg,['AZM9590']
dee9e228-e49b-11ee-bcb3-d8bbc190245c.jpg,['AZM9590']
e018f12e-e49b-11ee-afad-d8bbc190245c.jpg,['AZM9590']
e1441b54-e49b-11ee-88b7-d8bbc190245c.jpg,['AZM9590']
e27042bf-e49b-11ee-8bee-d8bbc190245c.jpg,['AZM9590']
e3a56f5b-e49b-11ee-a68b-d8bbc190245c.jpg,['AZM9590']
2167f68d-e49c-11ee-a8fd-d8bbc190245c.jpg,['4ZM959']
22f4e7e7-e49c-11ee-b601-d8bbc190245c.jpg,['ZM959C']
24854d93-e49c-11ee-8ab2-d8bbc190245c.jpg,['ZM9590']
2d1d1ed0-e49c-11ee-8cee-d8bbc190245c.jpg,[]
312aaa21-e49c-11ee-9ded-d8bbc190245c.jpg,[]
326fa936-e49c-11ee-9e33-d8bbc190245c.jpg,[]
3f48a4c2-e49c-11ee-bd29-d8bbc190245c.jpg,['2M9590']
407a7c07-e49c-11ee-b676-d8bbc190245c.jpg,['4ZM9590']
43c810fa-e49c-11ee-a252-d8bbc190245c.jpg,['4209590']
44fba5fb-e49c-11ee-874c-d8bbc190245c.jpg,['AZM9590']
462d4b36-e49c-11ee-9307-d8bbc190245c.jpg,['AZ09590']
476070ce-e49c-11ee-85f3-d8bbc190245c.jpg,['AZM9590']
489f76e9-e49c-11ee-8de0-d8bbc190245c.jpg,['A2M9590']
49de2efc-e49c-11ee-abd6-d8bbc190245c.jpg,['AZM95907']
4b24e5be-e49c-11ee-8a4b-d8bbc190245c.jpg,['AZM95901']
4c692a9c-e49c-11ee-b7a4-d8bbc190245c.jpg,['AZM9590']
4daf52f9-e49c-11ee-ae7e-d8bbc190245c.jpg,['AZM95901']
82a09e4b-e49c-11ee-be22-d8bbc190245c.jpg,['A2M9590']
83d8f2d3-e49c-11ee-9480-d8bbc190245c.jpg,['AZM9590']
916340a7-e49c-11ee-b832-d8bbc190245c.jpg,['M9590']
929edced-e49c-11ee-86e3-d8bbc190245c.jpg,['AZM9590']
0015adfc-e49d-11ee-8ef4-d8bbc190245c.jpg,[]
06bc7e5c-e49d-11ee-81ac-d8bbc190245c.jpg,['AZM9590']
f5d6ebc3-e49d-11ee-a912-d8bbc190245c.jpg,['CKZ34491']
f72b89aa-e49d-11ee-9bf5-d8bbc190245c.jpg,['CKZF3449']
f86fefc3-e49d-11ee-a3d0-d8bbc190245c.jpg,['CKZF34491']
f9bba3fe-e49d-11ee-b351-d8bbc190245c.jpg,['CKZF3449']
fb15dc0a-e49d-11ee-a221-d8bbc190245c.jpg,['CKZF34491']
0b70b99c-e49e-11ee-a6ec-d8bbc190245c.jpg,[]
0ca8abcb-e49e-11ee-a80b-d8bbc190245c.jpg,['1AOWTAX']
0de06491-e49e-11ee-bade-d8bbc190245c.jpg,['1AOWTAX']
0f222686-e49e-11ee-9825-d8bbc190245c.jpg,[]
107a19e6-e49e-11ee-bdb4-d8bbc190245c.jpg,[]
7d3fbc74-e4a1-11ee-8dd5-d8bbc190245c.jpg,['1AOWTAX']
1d9b25a9-e4a2-11ee-aa96-d8bbc190245c.jpg,[]
2b2aa18f-e4a2-11ee-a104-d8bbc190245c.jpg,[]
327a1c13-e4a2-11ee-91e0-d8bbc190245c.jpg,['KBVA990L']
33b2110c-e4a2-11ee-a9f3-d8bbc190245c.jpg,[]
34e7bc9b-e4a2-11ee-8202-d8bbc190245c.jpg,[]
da590e72-e4a4-11ee-b28a-d8bbc190245c.jpg,['1AOWTAX']
0f8def34-e515-11ee-82c3-d8bbc190245c.jpg,['AZMS5SU']
123482d0-e515-11ee-88d9-d8bbc190245c.jpg,['A2M9590']
1389620a-e515-11ee-9889-d8bbc190245c.jpg,['AZM9590']
c5780eed-e515-11ee-bfb3-d8bbc190245c.jpg,['A2M9590']
c6ada241-e515-11ee-b494-d8bbc190245c.jpg,['AZM9590']
